filename,width,height,class,xmin,ymin,xmax,ymax
piggy-1.jpg,320,240,piggy,52,14,229,173
piggy-10.jpg,320,240,piggy,52,37,215,196
piggy-100.jpg,320,240,piggy,87,68,235,191
piggy-101.jpg,320,240,piggy,64,64,198,181
piggy-102.jpg,320,240,piggy,109,51,218,150
piggy-103.jpg,320,240,piggy,113,74,236,202
piggy-104.jpg,320,240,piggy,65,29,187,149
piggy-106.jpg,320,240,piggy,132,61,254,200
piggy-107.jpg,320,240,piggy,88,31,202,135
piggy-108.jpg,320,240,piggy,48,10,160,114
piggy-109.jpg,320,240,piggy,31,5,152,151
piggy-11.jpg,320,240,piggy,9,118,129,240
piggy-110.jpg,320,240,piggy,115,104,242,240
piggy-111.jpg,320,240,piggy,42,55,152,191
piggy-113.jpg,320,240,piggy,84,54,189,177
piggy-114.jpg,320,240,piggy,11,12,97,117
piggy-115.jpg,320,240,piggy,114,57,183,146
piggy-116.jpg,320,240,piggy,63,75,165,170
piggy-117.jpg,320,240,piggy,157,67,211,133
piggy-118.jpg,320,240,piggy,92,42,150,109
piggy-119.jpg,320,240,piggy,90,66,183,151
piggy-12.jpg,320,240,piggy,119,132,209,240
piggy-120.jpg,320,240,piggy,118,66,192,139
piggy-121.jpg,320,240,piggy,66,65,172,192
piggy-122.jpg,320,240,piggy,80,107,170,210
piggy-124.jpg,320,240,piggy,26,79,106,148
piggy-126.jpg,320,240,piggy,113,55,184,149
piggy-127.jpg,320,240,piggy,84,62,169,160
piggy-128.jpg,320,240,piggy,101,62,198,170
piggy-129.jpg,320,240,piggy,117,80,187,167
piggy-130.jpg,320,240,piggy,92,78,192,174
piggy-131.jpg,320,240,piggy,42,43,252,239
piggy-132.jpg,320,240,piggy,45,37,245,221
piggy-134.jpg,320,240,piggy,146,58,320,232
piggy-135.jpg,320,240,piggy,108,84,255,240
piggy-136.jpg,320,240,piggy,81,90,210,240
piggy-137.jpg,320,240,piggy,103,87,197,215
piggy-139.jpg,320,240,piggy,15,118,102,220
piggy-14.jpg,320,240,piggy,105,94,158,160
piggy-140.jpg,320,240,piggy,76,117,152,214
piggy-141.jpg,320,240,piggy,56,90,140,188
piggy-142.jpg,320,240,piggy,162,139,234,197
piggy-143.jpg,320,240,piggy,157,108,231,166
piggy-144.jpg,320,240,piggy,126,90,192,154
piggy-145.jpg,320,240,piggy,118,91,182,160
piggy-146.jpg,320,240,piggy,158,76,215,152
piggy-148.jpg,320,240,piggy,183,79,243,160
piggy-149.jpg,320,240,piggy,162,66,222,148
piggy-15.jpg,320,240,piggy,121,133,179,199
piggy-150.jpg,320,240,piggy,154,84,223,167
piggy-151.jpg,320,240,piggy,117,112,187,186
piggy-152.jpg,320,240,piggy,89,133,167,196
piggy-153.jpg,320,240,piggy,141,94,222,163
piggy-154.jpg,320,240,piggy,143,108,233,189
piggy-155.jpg,320,240,piggy,67,134,167,219
piggy-156.jpg,320,240,piggy,124,103,221,186
piggy-158.jpg,320,240,piggy,167,47,243,147
piggy-159.jpg,320,240,piggy,138,78,242,179
piggy-160.jpg,320,240,piggy,124,79,222,175
piggy-161.jpg,320,240,piggy,131,136,220,236
piggy-163.jpg,320,240,piggy,180,63,273,182
piggy-164.jpg,320,240,piggy,135,93,246,216
piggy-165.jpg,320,240,piggy,73,12,182,129
piggy-166.jpg,320,240,piggy,124,91,248,209
piggy-168.jpg,320,240,piggy,207,94,278,191
piggy-169.jpg,320,240,piggy,156,102,218,182
piggy-17.jpg,320,240,piggy,127,90,229,203
piggy-170.jpg,320,240,piggy,151,77,207,144
piggy-171.jpg,320,240,piggy,94,101,175,175
piggy-173.jpg,320,240,piggy,64,91,167,188
piggy-174.jpg,320,240,piggy,148,115,252,212
piggy-175.jpg,320,240,piggy,122,108,206,211
piggy-176.jpg,320,240,piggy,178,109,259,205
piggy-177.jpg,320,240,piggy,148,122,210,193
piggy-178.jpg,320,240,piggy,140,170,232,240
piggy-179.jpg,320,240,piggy,106,101,216,237
piggy-18.jpg,320,240,piggy,118,88,203,193
piggy-181.jpg,320,240,piggy,53,123,162,236
piggy-182.jpg,320,240,piggy,68,125,183,239
piggy-183.jpg,320,240,piggy,115,135,223,240
piggy-184.jpg,320,240,piggy,101,165,192,240
piggy-185.jpg,320,240,piggy,77,135,162,225
piggy-186.jpg,320,240,piggy,120,86,187,178
piggy-188.jpg,320,240,piggy,60,79,159,173
piggy-189.jpg,320,240,piggy,86,93,169,195
piggy-19.jpg,320,240,piggy,57,100,146,209
piggy-190.jpg,320,240,piggy,109,75,190,166
piggy-191.jpg,320,240,piggy,115,77,206,166
piggy-192.jpg,320,240,piggy,182,206,229,240
piggy-193.jpg,320,240,piggy,182,207,228,240
piggy-195.jpg,320,240,piggy,135,73,218,166
piggy-196.jpg,320,240,piggy,129,38,207,141
piggy-197.jpg,320,240,piggy,163,66,225,155
piggy-198.jpg,320,240,piggy,121,35,183,129
piggy-199.jpg,320,240,piggy,120,1,176,87
piggy-2.jpg,320,240,piggy,71,64,201,212
piggy-20.jpg,320,240,piggy,13,81,129,210
piggy-201.jpg,320,240,piggy,189,138,243,221
piggy-202.jpg,320,240,piggy,121,115,170,191
piggy-203.jpg,320,240,piggy,103,92,157,166
piggy-204.jpg,320,240,piggy,99,77,173,152
piggy-205.jpg,320,240,piggy,108,54,207,143
piggy-207.jpg,320,240,piggy,204,62,277,166
piggy-208.jpg,320,240,piggy,110,88,215,233
piggy-209.jpg,320,240,piggy,132,128,205,239
piggy-210.jpg,320,240,piggy,122,101,217,214
piggy-212.jpg,320,240,piggy,128,90,225,179
piggy-213.jpg,320,240,piggy,111,98,179,161
piggy-215.jpg,320,240,piggy,139,136,204,199
piggy-217.jpg,320,240,piggy,132,130,182,192
piggy-218.jpg,320,240,piggy,139,131,180,184
piggy-219.jpg,320,240,piggy,134,150,176,204
piggy-220.jpg,320,240,piggy,119,146,182,212
piggy-222.jpg,320,240,piggy,116,86,180,146
piggy-223.jpg,320,240,piggy,121,93,182,153
piggy-224.jpg,320,240,piggy,110,132,173,200
piggy-225.jpg,320,240,piggy,132,183,191,240
piggy-226.jpg,320,240,piggy,145,154,191,218
piggy-227.jpg,320,240,piggy,130,129,173,187
piggy-229.jpg,320,240,piggy,130,146,177,203
piggy-23.jpg,320,240,piggy,87,145,237,240
piggy-230.jpg,320,240,piggy,128,140,185,203
piggy-231.jpg,320,240,piggy,101,151,171,228
piggy-232.jpg,320,240,piggy,97,163,167,238
piggy-234.jpg,320,240,piggy,167,146,283,240
piggy-235.jpg,320,240,piggy,153,162,256,240
piggy-237.jpg,320,240,piggy,153,146,210,202
piggy-238.jpg,320,240,piggy,128,162,199,237
piggy-239.jpg,320,240,piggy,96,141,162,233
piggy-24.jpg,320,240,piggy,87,89,165,172
piggy-241.jpg,320,240,piggy,71,177,146,240
piggy-242.jpg,320,240,piggy,111,126,196,228
piggy-243.jpg,320,240,piggy,132,124,210,213
piggy-244.jpg,320,240,piggy,116,133,271,240
piggy-245.jpg,320,240,piggy,120,127,229,234
piggy-247.jpg,320,240,piggy,1,99,73,192
piggy-248.jpg,320,240,piggy,104,139,173,221
piggy-249.jpg,320,240,piggy,83,136,169,220
piggy-251.jpg,320,240,piggy,123,63,205,137
piggy-252.jpg,320,240,piggy,115,107,194,178
piggy-253.jpg,320,240,piggy,114,148,192,218
piggy-254.jpg,320,240,piggy,134,133,202,199
piggy-255.jpg,320,240,piggy,122,110,188,181
piggy-256.jpg,320,240,piggy,137,87,189,158
piggy-257.jpg,320,240,piggy,114,77,164,156
piggy-259.jpg,320,240,piggy,135,87,190,159
piggy-26.jpg,320,240,piggy,105,70,210,162
piggy-260.jpg,320,240,piggy,90,86,150,165
piggy-261.jpg,320,240,piggy,133,160,277,240
piggy-263.jpg,320,240,piggy,162,87,211,148
piggy-264.jpg,320,240,piggy,134,136,186,199
piggy-265.jpg,320,240,piggy,110,132,164,200
piggy-266.jpg,320,240,piggy,74,92,131,152
piggy-267.jpg,320,240,piggy,32,75,91,137
piggy-269.jpg,320,240,piggy,118,103,191,189
piggy-27.jpg,320,240,piggy,132,61,248,161
piggy-270.jpg,320,240,piggy,104,120,161,196
piggy-271.jpg,320,240,piggy,150,100,208,166
piggy-272.jpg,320,240,piggy,113,119,184,182
piggy-274.jpg,320,240,piggy,148,43,208,94
piggy-275.jpg,320,240,piggy,129,2,182,50
piggy-276.jpg,320,240,piggy,107,58,149,98
piggy-277.jpg,320,240,piggy,122,114,166,158
piggy-278.jpg,320,240,piggy,121,121,168,173
piggy-279.jpg,320,240,piggy,145,98,197,155
piggy-28.jpg,320,240,piggy,148,131,194,174
piggy-280.jpg,320,240,piggy,124,67,185,130
piggy-282.jpg,320,240,piggy,139,78,210,159
piggy-283.jpg,320,240,piggy,166,119,266,240
piggy-285.jpg,320,240,piggy,88,66,156,133
piggy-286.jpg,320,240,piggy,88,96,171,172
piggy-287.jpg,320,240,piggy,106,90,184,166
piggy-288.jpg,320,240,piggy,44,102,128,181
piggy-289.jpg,320,240,piggy,153,112,228,189
piggy-29.jpg,320,240,piggy,150,130,192,170
piggy-290.jpg,320,240,piggy,34,127,150,239
piggy-292.jpg,320,240,piggy,134,155,202,240
piggy-293.jpg,320,240,piggy,157,124,204,186
piggy-295.jpg,320,240,piggy,82,135,146,194
piggy-296.jpg,320,240,piggy,159,109,210,156
piggy-297.jpg,320,240,piggy,158,99,198,137
piggy-298.jpg,320,240,piggy,164,130,201,161
piggy-299.jpg,320,240,piggy,171,102,205,132
piggy-3.jpg,320,240,piggy,91,7,227,191
piggy-300.jpg,320,240,piggy,148,98,181,126
piggy-302.jpg,320,240,piggy,191,108,223,139
piggy-303.jpg,320,240,piggy,173,97,207,130
piggy-304.jpg,320,240,piggy,141,115,184,154
piggy-305.jpg,320,240,piggy,166,194,242,240
piggy-307.jpg,320,240,piggy,118,171,175,234
piggy-308.jpg,320,240,piggy,139,145,192,196
piggy-309.jpg,320,240,piggy,151,106,194,145
piggy-31.jpg,320,240,piggy,131,97,184,141
piggy-311.jpg,320,240,piggy,106,114,142,147
piggy-312.jpg,320,240,piggy,129,197,174,240
piggy-314.jpg,320,240,piggy,160,120,206,174
piggy-315.jpg,320,240,piggy,119,110,175,179
piggy-316.jpg,320,240,piggy,63,126,152,217
piggy-317.jpg,320,240,piggy,112,108,194,193
piggy-318.jpg,320,240,piggy,155,180,216,240
piggy-32.jpg,320,240,piggy,124,93,176,151
piggy-320.jpg,320,240,piggy,112,152,162,205
piggy-321.jpg,320,240,piggy,172,123,227,180
piggy-323.jpg,320,240,piggy,124,84,171,139
piggy-324.jpg,320,240,piggy,142,65,187,116
piggy-325.jpg,320,240,piggy,139,110,170,151
piggy-326.jpg,320,240,piggy,138,176,173,223
piggy-327.jpg,320,240,piggy,173,149,228,216
piggy-328.jpg,320,240,piggy,166,90,263,206
piggy-33.jpg,320,240,piggy,117,96,162,144
piggy-330.jpg,320,240,piggy,215,123,318,238
piggy-331.jpg,320,240,piggy,157,126,257,239
piggy-332.jpg,320,240,piggy,104,147,179,240
piggy-334.jpg,320,240,piggy,86,96,157,172
piggy-335.jpg,320,240,piggy,113,98,201,187
piggy-337.jpg,320,240,piggy,119,63,227,183
piggy-338.jpg,320,240,piggy,108,30,205,135
piggy-339.jpg,320,240,piggy,147,46,221,145
piggy-34.jpg,320,240,piggy,139,94,193,154
piggy-340.jpg,320,240,piggy,72,114,153,214
piggy-342.jpg,320,240,piggy,113,128,201,232
piggy-345.jpg,320,240,piggy,156,70,223,163
piggy-346.jpg,320,240,piggy,169,82,233,168
piggy-348.jpg,320,240,piggy,104,141,179,219
piggy-349.jpg,320,240,piggy,90,101,135,160
piggy-35.jpg,320,240,piggy,94,63,154,126
piggy-350.jpg,320,240,piggy,122,132,162,185
piggy-351.jpg,320,240,piggy,108,66,154,127
piggy-353.jpg,320,240,piggy,116,147,186,232
piggy-354.jpg,320,240,piggy,97,132,164,203
piggy-355.jpg,320,240,piggy,66,124,131,189
piggy-357.jpg,320,240,piggy,34,149,103,234
piggy-358.jpg,320,240,piggy,37,129,119,230
piggy-359.jpg,320,240,piggy,85,120,167,221
piggy-360.jpg,320,240,piggy,35,117,170,240
piggy-362.jpg,320,240,piggy,39,100,164,219
piggy-363.jpg,320,240,piggy,119,155,205,240
piggy-365.jpg,320,240,piggy,104,146,171,228
piggy-366.jpg,320,240,piggy,50,179,121,240
piggy-368.jpg,320,240,piggy,41,123,182,240
piggy-369.jpg,320,240,piggy,93,125,227,240
piggy-37.jpg,320,240,piggy,155,137,215,196
piggy-371.jpg,320,240,piggy,111,150,177,210
piggy-372.jpg,320,240,piggy,192,146,254,203
piggy-374.jpg,320,240,piggy,106,122,160,168
piggy-375.jpg,320,240,piggy,136,145,181,190
piggy-376.jpg,320,240,piggy,124,151,167,197
piggy-377.jpg,320,240,piggy,154,117,197,166
piggy-378.jpg,320,240,piggy,135,118,176,167
piggy-38.jpg,320,240,piggy,155,88,215,168
piggy-380.jpg,320,240,piggy,131,133,164,175
piggy-381.jpg,320,240,piggy,122,144,212,240
piggy-382.jpg,320,240,piggy,97,110,189,218
piggy-383.jpg,320,240,piggy,92,140,167,237
piggy-384.jpg,320,240,piggy,90,191,158,240
piggy-386.jpg,320,240,piggy,117,159,187,240
piggy-387.jpg,320,240,piggy,122,158,193,240
piggy-388.jpg,320,240,piggy,26,169,96,240
piggy-389.jpg,320,240,piggy,127,156,202,235
piggy-390.jpg,320,240,piggy,113,130,185,207
piggy-391.jpg,320,240,piggy,98,147,171,222
piggy-392.jpg,320,240,piggy,125,117,209,198
piggy-393.jpg,320,240,piggy,134,127,210,199
piggy-394.jpg,320,240,piggy,144,139,213,207
piggy-395.jpg,320,240,piggy,125,121,191,188
piggy-396.jpg,320,240,piggy,119,134,183,199
piggy-398.jpg,320,240,piggy,101,147,173,223
piggy-399.jpg,320,240,piggy,105,66,241,174
piggy-4.jpg,320,240,piggy,58,55,213,229
piggy-40.jpg,320,240,piggy,99,144,159,216
piggy-400.jpg,320,240,piggy,186,43,318,153
piggy-402.jpg,320,240,piggy,122,60,243,170
piggy-403.jpg,320,240,piggy,146,26,320,191
piggy-404.jpg,320,240,piggy,176,9,320,180
piggy-405.jpg,320,240,piggy,128,24,305,157
piggy-406.jpg,320,240,piggy,163,25,270,170
piggy-407.jpg,320,240,piggy,156,33,320,184
piggy-409.jpg,320,240,piggy,149,1,280,118
piggy-41.jpg,320,240,piggy,103,73,180,177
piggy-410.jpg,320,240,piggy,166,1,297,101
piggy-411.jpg,320,240,piggy,168,1,298,100
piggy-412.jpg,320,240,piggy,183,1,288,103
piggy-413.jpg,320,240,piggy,204,1,297,59
piggy-414.jpg,320,240,piggy,167,1,269,112
piggy-415.jpg,320,240,piggy,215,44,297,161
piggy-416.jpg,320,240,piggy,229,1,320,137
piggy-417.jpg,320,240,piggy,143,1,239,113
piggy-418.jpg,320,240,piggy,146,1,241,116
piggy-419.jpg,320,240,piggy,152,1,304,135
piggy-42.jpg,320,240,piggy,125,82,172,142
piggy-421.jpg,320,240,piggy,282,1,320,59
piggy-423.jpg,320,240,piggy,61,123,189,240
piggy-424.jpg,320,240,piggy,1,117,119,235
piggy-425.jpg,320,240,piggy,12,74,129,174
piggy-427.jpg,320,240,piggy,92,134,184,239
piggy-428.jpg,320,240,piggy,199,121,282,218
piggy-429.jpg,320,240,piggy,122,111,199,182
piggy-43.jpg,320,240,piggy,144,74,190,132
piggy-430.jpg,320,240,piggy,105,126,191,200
piggy-431.jpg,320,240,piggy,141,70,236,161
piggy-433.jpg,320,240,piggy,137,50,207,126
piggy-434.jpg,320,240,piggy,158,52,213,118
piggy-435.jpg,320,240,piggy,167,75,218,135
piggy-436.jpg,320,240,piggy,43,126,190,240
piggy-437.jpg,320,240,piggy,120,161,203,235
piggy-438.jpg,320,240,piggy,123,106,183,156
piggy-440.jpg,320,240,piggy,120,130,161,167
piggy-441.jpg,320,240,piggy,121,117,157,148
piggy-443.jpg,320,240,piggy,115,148,168,196
piggy-444.jpg,320,240,piggy,50,112,102,156
piggy-445.jpg,320,240,piggy,61,123,111,166
piggy-446.jpg,320,240,piggy,117,123,172,175
piggy-447.jpg,320,240,piggy,69,97,128,151
piggy-448.jpg,320,240,piggy,94,100,150,148
piggy-449.jpg,320,240,piggy,104,115,145,148
piggy-45.jpg,320,240,piggy,120,50,194,139
piggy-450.jpg,320,240,piggy,156,119,197,154
piggy-451.jpg,320,240,piggy,91,103,134,140
piggy-453.jpg,320,240,piggy,113,158,163,200
piggy-454.jpg,320,240,piggy,139,126,189,171
piggy-455.jpg,320,240,piggy,109,129,155,172
piggy-457.jpg,320,240,piggy,129,177,181,229
piggy-458.jpg,320,240,piggy,129,151,171,190
piggy-459.jpg,320,240,piggy,89,141,129,175
piggy-46.jpg,320,240,piggy,51,92,143,221
piggy-460.jpg,320,240,piggy,110,121,149,157
piggy-462.jpg,320,240,piggy,153,149,198,198
piggy-463.jpg,320,240,piggy,122,156,165,197
piggy-464.jpg,320,240,piggy,106,156,140,190
piggy-465.jpg,320,240,piggy,129,133,164,165
piggy-466.jpg,320,240,piggy,136,144,196,203
piggy-468.jpg,320,240,piggy,128,103,162,145
piggy-469.jpg,320,240,piggy,151,109,188,149
piggy-471.jpg,320,240,piggy,160,100,197,140
piggy-472.jpg,320,240,piggy,178,94,214,133
piggy-473.jpg,320,240,piggy,136,86,171,127
piggy-474.jpg,320,240,piggy,150,107,187,152
piggy-475.jpg,320,240,piggy,121,115,157,153
piggy-477.jpg,320,240,piggy,120,99,156,140
piggy-478.jpg,320,240,piggy,137,104,174,146
piggy-479.jpg,320,240,piggy,116,108,154,149
piggy-48.jpg,320,240,piggy,142,149,270,240
piggy-480.jpg,320,240,piggy,101,89,136,128
piggy-481.jpg,320,240,piggy,155,146,206,205
piggy-482.jpg,320,240,piggy,123,113,173,168
piggy-484.jpg,320,240,piggy,120,87,186,159
piggy-485.jpg,320,240,piggy,148,88,214,158
piggy-487.jpg,320,240,piggy,71,74,145,153
piggy-488.jpg,320,240,piggy,65,67,138,147
piggy-490.jpg,320,240,piggy,112,55,215,157
piggy-493.jpg,320,240,piggy,96,58,161,130
piggy-494.jpg,320,240,piggy,125,58,186,127
piggy-495.jpg,320,240,piggy,133,101,189,161
piggy-496.jpg,320,240,piggy,129,95,187,154
piggy-497.jpg,320,240,piggy,67,90,124,151
piggy-499.jpg,320,240,piggy,53,105,193,240
piggy-5.jpg,320,240,piggy,57,46,169,172
piggy-50.jpg,320,240,piggy,79,100,200,228
piggy-502.jpg,320,240,piggy,150,57,268,192
piggy-505.jpg,320,240,piggy,138,91,226,186
piggy-506.jpg,320,240,piggy,195,64,279,156
piggy-508.jpg,320,240,piggy,40,47,126,144
piggy-509.jpg,320,240,piggy,97,25,183,120
piggy-51.jpg,320,240,piggy,153,92,255,219
piggy-512.jpg,320,240,piggy,124,9,228,102
piggy-516.jpg,320,240,piggy,64,77,158,183
piggy-517.jpg,320,240,piggy,91,71,189,191
piggy-518.jpg,320,240,piggy,80,65,186,197
piggy-519.jpg,320,240,piggy,74,1,156,80
piggy-52.jpg,320,240,piggy,146,110,250,240
piggy-521.jpg,320,240,piggy,178,31,265,134
piggy-522.jpg,320,240,piggy,54,57,195,191
piggy-524.jpg,320,240,piggy,32,55,141,141
piggy-525.jpg,320,240,piggy,1,21,101,111
piggy-527.jpg,320,240,piggy,1,92,121,204
piggy-53.jpg,320,240,piggy,164,87,264,213
piggy-530.jpg,320,240,piggy,84,51,191,153
piggy-531.jpg,320,240,piggy,109,124,233,240
piggy-533.jpg,320,240,piggy,127,78,247,211
piggy-536.jpg,320,240,piggy,132,71,203,160
piggy-537.jpg,320,240,piggy,100,79,185,172
piggy-539.jpg,320,240,piggy,84,103,165,183
piggy-54.jpg,320,240,piggy,47,47,244,240
piggy-540.jpg,320,240,piggy,129,109,216,202
piggy-541.jpg,320,240,piggy,120,88,196,174
piggy-542.jpg,320,240,piggy,97,36,172,123
piggy-543.jpg,320,240,piggy,126,34,191,101
piggy-545.jpg,320,240,piggy,141,93,207,159
piggy-546.jpg,320,240,piggy,134,73,197,151
piggy-547.jpg,320,240,piggy,131,95,200,176
piggy-548.jpg,320,240,piggy,140,72,209,146
piggy-549.jpg,320,240,piggy,159,57,229,128
piggy-55.jpg,320,240,piggy,32,61,250,240
piggy-550.jpg,320,240,piggy,157,90,231,176
piggy-551.jpg,320,240,piggy,152,57,221,136
piggy-552.jpg,320,240,piggy,154,54,252,144
piggy-553.jpg,320,240,piggy,164,14,268,112
piggy-555.jpg,320,240,piggy,125,9,213,84
piggy-556.jpg,320,240,piggy,47,46,136,117
piggy-557.jpg,320,240,piggy,137,66,216,139
piggy-558.jpg,320,240,piggy,180,66,256,134
piggy-56.jpg,320,240,piggy,32,41,197,184
piggy-560.jpg,320,240,piggy,142,68,215,140
piggy-561.jpg,320,240,piggy,126,82,206,157
piggy-562.jpg,320,240,piggy,108,50,201,145
piggy-563.jpg,320,240,piggy,126,61,228,160
piggy-564.jpg,320,240,piggy,132,95,204,174
piggy-565.jpg,320,240,piggy,181,89,245,163
piggy-566.jpg,320,240,piggy,80,49,147,123
piggy-567.jpg,320,240,piggy,128,91,227,185
piggy-568.jpg,320,240,piggy,135,59,217,137
piggy-569.jpg,320,240,piggy,159,25,222,103
piggy-57.jpg,320,240,piggy,97,40,251,210
piggy-570.jpg,320,240,piggy,107,39,162,106
piggy-572.jpg,320,240,piggy,140,72,244,169
piggy-573.jpg,320,240,piggy,92,47,194,134
piggy-574.jpg,320,240,piggy,78,73,171,144
piggy-575.jpg,320,240,piggy,46,55,143,137
piggy-576.jpg,320,240,piggy,61,91,157,179
piggy-578.jpg,320,240,piggy,126,128,176,194
piggy-579.jpg,320,240,piggy,127,127,175,196
piggy-580.jpg,320,240,piggy,181,103,233,175
piggy-581.jpg,320,240,piggy,182,105,232,178
piggy-582.jpg,320,240,piggy,154,77,228,146
piggy-584.jpg,320,240,piggy,111,67,183,146
piggy-585.jpg,320,240,piggy,64,106,124,185
piggy-586.jpg,320,240,piggy,124,94,185,161
piggy-588.jpg,320,240,piggy,123,129,185,195
piggy-589.jpg,320,240,piggy,136,88,199,167
piggy-59.jpg,320,240,piggy,1,44,172,236
piggy-590.jpg,320,240,piggy,142,175,178,228
piggy-592.jpg,320,240,piggy,170,223,197,240
piggy-593.jpg,320,240,piggy,147,142,201,192
piggy-595.jpg,320,240,piggy,161,56,308,240
piggy-596.jpg,320,240,piggy,174,63,319,239
piggy-597.jpg,320,240,piggy,44,111,172,233
piggy-599.jpg,320,240,piggy,150,51,210,135
piggy-6.jpg,320,240,piggy,89,35,198,161
piggy-60.jpg,320,240,piggy,15,47,198,220
piggy-600.jpg,320,240,piggy,99,142,198,227
piggy-601.jpg,320,240,piggy,207,120,300,208
piggy-602.jpg,320,240,piggy,161,90,214,156
piggy-604.jpg,320,240,piggy,156,178,210,240
piggy-606.jpg,320,240,piggy,135,86,185,141
piggy-607.jpg,320,240,piggy,166,191,217,240
piggy-608.jpg,320,240,piggy,147,71,197,146
piggy-61.jpg,320,240,piggy,168,76,263,198
piggy-610.jpg,320,240,piggy,118,190,186,240
piggy-611.jpg,320,240,piggy,125,74,188,134
piggy-612.jpg,320,240,piggy,104,83,153,150
piggy-613.jpg,320,240,piggy,124,177,177,240
piggy-614.jpg,320,240,piggy,95,32,152,105
piggy-616.jpg,320,240,piggy,116,143,159,204
piggy-617.jpg,320,240,piggy,115,142,159,205
piggy-619.jpg,320,240,piggy,63,33,204,169
piggy-62.jpg,320,240,piggy,105,137,209,240
piggy-620.jpg,320,240,piggy,68,4,189,119
piggy-621.jpg,320,240,piggy,165,89,220,150
piggy-622.jpg,320,240,piggy,204,89,264,161
piggy-623.jpg,320,240,piggy,172,86,230,154
piggy-625.jpg,320,240,piggy,72,54,191,153
piggy-626.jpg,320,240,piggy,162,34,253,130
piggy-627.jpg,320,240,piggy,110,85,218,193
piggy-629.jpg,320,240,piggy,67,48,169,142
piggy-630.jpg,320,240,piggy,86,24,183,135
piggy-631.jpg,320,240,piggy,123,21,215,130
piggy-633.jpg,320,240,piggy,88,57,196,158
piggy-634.jpg,320,240,piggy,5,8,108,102
piggy-636.jpg,320,240,piggy,151,23,259,116
piggy-637.jpg,320,240,piggy,89,78,199,175
piggy-638.jpg,320,240,piggy,76,29,183,128
piggy-64.jpg,320,240,piggy,121,70,231,205
piggy-640.jpg,320,240,piggy,108,66,192,151
piggy-641.jpg,320,240,piggy,25,67,152,172
piggy-642.jpg,320,240,piggy,105,49,188,140
piggy-643.jpg,320,240,piggy,177,9,263,107
piggy-644.jpg,320,240,piggy,53,85,157,195
piggy-646.jpg,320,240,piggy,100,1,232,116
piggy-647.jpg,320,240,piggy,14,20,152,155
piggy-648.jpg,320,240,piggy,139,25,273,149
piggy-65.jpg,320,240,piggy,106,78,178,166
piggy-650.jpg,320,240,piggy,117,26,175,117
piggy-651.jpg,320,240,piggy,169,105,222,189
piggy-652.jpg,320,240,piggy,194,22,265,111
piggy-653.jpg,320,240,piggy,82,18,149,104
piggy-654.jpg,320,240,piggy,39,94,106,186
piggy-656.jpg,320,240,piggy,89,77,169,149
piggy-657.jpg,320,240,piggy,124,7,203,84
piggy-659.jpg,320,240,piggy,157,28,230,122
piggy-66.jpg,320,240,piggy,96,100,148,161
piggy-660.jpg,320,240,piggy,127,91,200,184
piggy-661.jpg,320,240,piggy,206,44,283,142
piggy-662.jpg,320,240,piggy,47,92,120,179
piggy-663.jpg,320,240,piggy,165,53,234,138
piggy-665.jpg,320,240,piggy,166,97,245,196
piggy-666.jpg,320,240,piggy,138,68,278,191
piggy-667.jpg,320,240,piggy,145,88,220,158
piggy-669.jpg,320,240,piggy,166,45,257,135
piggy-670.jpg,320,240,piggy,146,52,270,179
piggy-671.jpg,320,240,piggy,78,31,203,134
piggy-672.jpg,320,240,piggy,134,33,244,160
piggy-673.jpg,320,240,piggy,102,18,218,170
piggy-674.jpg,320,240,piggy,112,75,231,182
piggy-677.jpg,320,240,piggy,147,83,224,180
piggy-678.jpg,320,240,piggy,152,61,239,169
piggy-679.jpg,320,240,piggy,91,64,195,178
piggy-68.jpg,320,240,piggy,132,113,187,174
piggy-681.jpg,320,240,piggy,150,49,243,140
piggy-682.jpg,320,240,piggy,132,1,302,132
piggy-683.jpg,320,240,piggy,18,3,227,237
piggy-685.jpg,320,240,piggy,74,54,255,240
piggy-686.jpg,320,240,piggy,141,51,231,151
piggy-688.jpg,320,240,piggy,13,7,141,137
piggy-689.jpg,320,240,piggy,114,60,215,172
piggy-69.jpg,320,240,piggy,134,96,220,185
piggy-692.jpg,320,240,piggy,172,56,213,100
piggy-694.jpg,320,240,piggy,171,54,262,162
piggy-695.jpg,320,240,piggy,151,48,252,155
piggy-697.jpg,320,240,piggy,161,104,200,149
piggy-698.jpg,320,240,piggy,166,56,200,102
piggy-70.jpg,320,240,piggy,75,118,178,215
piggy-700.jpg,320,240,piggy,101,84,175,156
piggy-701.jpg,320,240,piggy,109,69,186,146
piggy-702.jpg,320,240,piggy,95,69,219,181
piggy-703.jpg,320,240,piggy,96,72,205,187
piggy-705.jpg,320,240,piggy,155,64,254,160
piggy-706.jpg,320,240,piggy,137,83,207,156
piggy-707.jpg,320,240,piggy,156,107,200,163
piggy-709.jpg,320,240,piggy,175,79,253,153
piggy-71.jpg,320,240,piggy,247,134,320,224
piggy-710.jpg,320,240,piggy,148,24,222,112
piggy-711.jpg,320,240,piggy,167,48,242,140
piggy-712.jpg,320,240,piggy,139,44,236,151
piggy-713.jpg,320,240,piggy,134,81,236,195
piggy-715.jpg,320,240,piggy,125,84,210,186
piggy-716.jpg,320,240,piggy,153,79,257,187
piggy-718.jpg,320,240,piggy,142,1,261,111
piggy-719.jpg,320,240,piggy,87,91,211,198
piggy-72.jpg,320,240,piggy,52,87,160,220
piggy-720.jpg,320,240,piggy,149,6,257,114
piggy-721.jpg,320,240,piggy,74,21,176,138
piggy-722.jpg,320,240,piggy,63,1,170,118
piggy-723.jpg,320,240,piggy,97,12,250,157
piggy-724.jpg,320,240,piggy,129,80,269,200
piggy-725.jpg,320,240,piggy,165,82,257,158
piggy-726.jpg,320,240,piggy,92,50,180,121
piggy-728.jpg,320,240,piggy,100,31,202,125
piggy-729.jpg,320,240,piggy,109,77,212,193
piggy-73.jpg,320,240,piggy,99,129,206,240
piggy-731.jpg,320,240,piggy,183,75,284,189
piggy-733.jpg,320,240,piggy,58,2,191,147
piggy-734.jpg,320,240,piggy,80,8,252,163
piggy-736.jpg,320,240,piggy,159,1,268,74
piggy-737.jpg,320,240,piggy,108,10,250,167
piggy-738.jpg,320,240,piggy,24,13,168,172
piggy-739.jpg,320,240,piggy,112,7,211,112
piggy-74.jpg,320,240,piggy,146,188,220,240
piggy-741.jpg,320,240,piggy,83,9,182,116
piggy-743.jpg,320,240,piggy,159,8,246,126
piggy-744.jpg,320,240,piggy,186,60,310,208
piggy-745.jpg,320,240,piggy,140,85,230,177
piggy-746.jpg,320,240,piggy,35,48,151,155
piggy-748.jpg,320,240,piggy,60,17,150,106
piggy-749.jpg,320,240,piggy,55,28,160,125
piggy-750.jpg,320,240,piggy,53,1,245,224
piggy-752.jpg,320,240,piggy,83,40,253,219
piggy-753.jpg,320,240,piggy,58,92,206,209
piggy-755.jpg,320,240,piggy,97,71,229,191
piggy-756.jpg,320,240,piggy,93,58,255,217
piggy-757.jpg,320,240,piggy,11,9,126,130
piggy-758.jpg,320,240,piggy,144,32,251,151
piggy-759.jpg,320,240,piggy,88,83,206,213
piggy-76.jpg,320,240,piggy,111,78,194,160
piggy-761.jpg,320,240,piggy,45,12,164,128
piggy-762.jpg,320,240,piggy,1,95,114,240
piggy-763.jpg,320,240,piggy,148,51,301,211
piggy-764.jpg,320,240,piggy,50,58,222,172
piggy-765.jpg,320,240,piggy,188,26,320,145
piggy-766.jpg,320,240,piggy,87,120,261,240
piggy-767.jpg,320,240,piggy,62,74,223,182
piggy-769.jpg,320,240,piggy,120,8,274,170
piggy-77.jpg,320,240,piggy,108,67,182,147
piggy-770.jpg,320,240,piggy,26,26,170,177
piggy-771.jpg,320,240,piggy,98,82,252,229
piggy-772.jpg,320,240,piggy,152,1,313,189
piggy-773.jpg,320,240,piggy,74,30,216,218
piggy-774.jpg,320,240,piggy,152,8,320,194
piggy-776.jpg,320,240,piggy,88,1,241,149
piggy-778.jpg,320,240,piggy,122,25,230,130
piggy-779.jpg,320,240,piggy,135,15,249,128
piggy-78.jpg,320,240,piggy,155,74,247,182
piggy-780.jpg,320,240,piggy,22,97,141,197
piggy-782.jpg,320,240,piggy,64,12,157,102
piggy-783.jpg,320,240,piggy,83,53,218,170
piggy-784.jpg,320,240,piggy,56,23,199,151
piggy-785.jpg,320,240,piggy,138,69,259,216
piggy-787.jpg,320,240,piggy,82,70,219,202
piggy-788.jpg,320,240,piggy,76,22,193,131
piggy-789.jpg,320,240,piggy,105,23,221,140
piggy-79.jpg,320,240,piggy,60,39,146,155
piggy-790.jpg,320,240,piggy,102,38,226,174
piggy-791.jpg,320,240,piggy,136,11,295,167
piggy-792.jpg,320,240,piggy,60,30,236,179
piggy-793.jpg,320,240,piggy,76,68,178,176
piggy-794.jpg,320,240,piggy,159,65,270,187
piggy-795.jpg,320,240,piggy,127,73,290,202
piggy-797.jpg,320,240,piggy,29,13,182,129
piggy-798.jpg,320,240,piggy,142,79,242,196
piggy-799.jpg,320,240,piggy,81,65,152,155
piggy-80.jpg,320,240,piggy,190,101,270,226
piggy-801.jpg,320,240,piggy,40,56,114,144
piggy-802.jpg,320,240,piggy,48,4,119,94
piggy-803.jpg,320,240,piggy,133,60,213,159
piggy-804.jpg,320,240,piggy,135,135,234,221
piggy-805.jpg,320,240,piggy,156,103,230,175
piggy-806.jpg,320,240,piggy,117,29,206,114
piggy-807.jpg,320,240,piggy,39,90,110,166
piggy-808.jpg,320,240,piggy,104,88,203,185
piggy-809.jpg,320,240,piggy,99,51,212,156
piggy-810.jpg,320,240,piggy,182,115,311,222
piggy-811.jpg,320,240,piggy,1,1,168,184
piggy-812.jpg,320,240,piggy,30,76,195,224
piggy-813.jpg,320,240,piggy,82,42,260,195
piggy-82.jpg,320,240,piggy,49,89,149,187
piggy-83.jpg,320,240,piggy,98,93,178,180
piggy-84.jpg,320,240,piggy,98,94,213,235
piggy-85.jpg,320,240,piggy,74,90,139,186
piggy-88.jpg,320,240,piggy,77,126,215,240
piggy-89.jpg,320,240,piggy,127,67,209,165
piggy-9.jpg,320,240,piggy,54,57,219,214
piggy-90.jpg,320,240,piggy,121,60,194,161
piggy-91.jpg,320,240,piggy,129,92,244,214
piggy-92.jpg,320,240,piggy,63,121,231,240
piggy-93.jpg,320,240,piggy,58,76,250,240
piggy-94.jpg,320,240,piggy,120,66,288,240
piggy-95.jpg,320,240,piggy,113,65,235,218
piggy-97.jpg,320,240,piggy,85,96,237,240
piggy-98.jpg,320,240,piggy,87,12,296,196
